id,name,phone,email
1,McPheat,986-395-8503,omcpheat0@narod.ru
2,Whitlock,915-549-5906,ewhitlock1@g.co
3,Joinson,701-875-0153,sjoinson2@springer.com
4,Schelle,381-469-4915,kschelle3@squarespace.com
5,Kippen,242-142-8762,gkippen4@elegantthemes.com
6,Rawstorne,494-260-3629,prawstorne5@arizona.edu
7,Wasbrough,778-569-1567,rwasbrough6@utexas.edu
8,Pearsey,651-420-0274,tpearsey7@goo.ne.jp
9,Elsegood,898-163-9253,celsegood8@domainmarket.com
10,Conduit,723-165-9932,kconduit9@multiply.com
1,Glencrash,115-660-7788,kglencrash0@mtv.com
2,Beushaw,479-899-4685,ibeushaw1@vimeo.com
3,Jodlkowski,295-374-2068,mjodlkowski2@wikimedia.org
4,Ruddom,704-448-1259,fruddom3@sciencedirect.com
5,Stannas,546-903-5039,bstannas4@redcross.org
6,Orys,953-609-6076,jorys5@wikia.com
7,Jeffes,814-438-5167,ljeffes6@craigslist.org
8,Giacaponi,407-696-5780,rgiacaponi7@marketwatch.com
9,Lindeberg,435-523-4302,nlindeberg8@hugedomains.com
10,Maxweell,915-869-6124,smaxweell9@wisc.edu
1,Cardillo,956-285-0936,ecardillo0@blogspot.com
2,Edworthy,345-746-5390,vedworthy1@businessinsider.com
3,Marchelli,953-795-6356,smarchelli2@lulu.com
4,Quidenham,921-750-8320,kquidenham3@clickbank.net
5,Robertacci,894-342-7484,srobertacci4@geocities.jp
6,Asker,125-532-0135,basker5@shinystat.com
7,Pasterfield,813-888-9319,jpasterfield6@myspace.com
8,MacDonnell,639-587-0414,jmacdonnell7@wikimedia.org
9,Bilovsky,953-148-2565,rbilovsky8@bloglovin.com
10,Meggison,435-861-9852,pmeggison9@ask.com
1,Goymer,764-419-3883,rgoymer0@vinaora.com
2,Eliff,747-551-0768,celiff1@shop-pro.jp
3,Harman,568-695-4188,iharman2@whitehouse.gov
4,Snalom,789-964-4871,msnalom3@buzzfeed.com
5,Codner,115-197-9303,rcodner4@umn.edu
6,Shotton,699-279-1526,ashotton5@nasa.gov
7,MacGillreich,303-302-8073,tmacgillreich6@dedecms.com
8,Bolesworth,471-918-3134,tbolesworth7@craigslist.org
9,Hamnet,775-111-3959,shamnet8@wikimedia.org
10,Haylett,869-848-6708,bhaylett9@europa.eu
1,Peete,438-110-7849,fpeete0@cargocollective.com
2,Garriock,655-690-3972,vgarriock1@addtoany.com
3,Thirkettle,915-453-6218,sthirkettle2@geocities.com
4,Yuryichev,671-601-0819,kyuryichev3@geocities.jp
5,Kelf,120-489-6629,ekelf4@amazonaws.com
6,Ivkovic,240-458-9647,aivkovic5@tinyurl.com
7,Hillock,506-442-7973,ahillock6@linkedin.com
8,Collip,458-437-5865,ccollip7@indiatimes.com
9,Keir,489-919-6855,gkeir8@dion.ne.jp
10,Chominski,186-804-1664,ichominski9@reuters.com
1,Casburn,951-739-3656,acasburn0@oaic.gov.au
2,Sleany,718-345-6548,ksleany1@who.int
3,Janz,601-877-6855,ajanz2@last.fm
4,Tonkinson,218-526-0763,btonkinson3@networksolutions.com
5,Pinsent,345-520-0500,fpinsent4@berkeley.edu
6,Pierrepoint,838-905-6455,apierrepoint5@blog.com
7,Devanny,746-916-3242,adevanny6@naver.com
8,MacKeller,880-190-1912,ymackeller7@google.pl
9,Thorley,707-718-1740,cthorley8@lycos.com
10,Ghio,528-663-1671,tghio9@delicious.com
1,Schoffler,304-997-6803,cschoffler0@businessinsider.com
2,Aberchirder,441-663-6780,naberchirder1@xing.com
3,Zuanelli,728-161-6754,gzuanelli2@tripod.com
4,Hampe,248-276-2555,rhampe3@amazon.de
5,Dorbon,704-300-5431,wdorbon4@twitpic.com
6,Gawne,435-562-4536,agawne5@drupal.org
7,Sausman,684-680-0621,ssausman6@furl.net
8,Brassington,900-665-8240,jbrassington7@sakura.ne.jp
9,Norewood,392-333-5824,cnorewood8@pbs.org
10,Wainwright,213-430-6000,hwainwright9@ucsd.edu
1,Colgan,315-507-4966,tcolgan0@histats.com
2,Rosbotham,965-701-3094,hrosbotham1@reuters.com
3,Gillhespy,655-151-3431,sgillhespy2@biglobe.ne.jp
4,Dewick,775-780-6507,adewick3@washington.edu
5,McCaighey,950-177-7799,amccaighey4@microsoft.com
6,Youthead,952-168-0200,fyouthead5@bloomberg.com
7,Strippel,254-733-5105,kstrippel6@usnews.com
8,Robb,496-866-5391,arobb7@yahoo.co.jp
9,Penniall,613-263-4213,jpenniall8@merriam-webster.com
10,Stedell,567-641-9415,mstedell9@vk.com
1,Witterick,441-875-6174,rwitterick0@sogou.com
2,D'Errico,977-583-3811,mderrico1@youtu.be
3,Maybury,443-112-6256,fmaybury2@hatena.ne.jp
4,Greenhough,972-829-0882,rgreenhough3@jimdo.com
5,Fenna,714-824-2627,cfenna4@addtoany.com
6,Deer,915-498-4335,tdeer5@state.tx.us
7,Tapper,885-451-0950,atapper6@scribd.com
8,Conklin,217-562-5477,gconklin7@nytimes.com
9,Tuiller,511-492-2268,jtuiller8@freewebs.com
10,O'Rodane,809-352-8122,morodane9@weibo.com
1,McPheat,986-395-8503,omcpheat0@narod.ru
2,Whitlock,915-549-5906,ewhitlock1@g.co
3,Joinson,701-875-0153,sjoinson2@springer.com
4,Schelle,381-469-4915,kschelle3@squarespace.com
5,Kippen,242-142-8762,gkippen4@elegantthemes.com
6,Rawstorne,494-260-3629,prawstorne5@arizona.edu
7,Wasbrough,778-569-1567,rwasbrough6@utexas.edu
8,Pearsey,651-420-0274,tpearsey7@goo.ne.jp
9,Elsegood,898-163-9253,celsegood8@domainmarket.com
10,Conduit,723-165-9932,kconduit9@multiply.com
1,Glencrash,115-660-7788,kglencrash0@mtv.com
2,Beushaw,479-899-4685,ibeushaw1@vimeo.com
3,Jodlkowski,295-374-2068,mjodlkowski2@wikimedia.org
4,Ruddom,704-448-1259,fruddom3@sciencedirect.com
5,Stannas,546-903-5039,bstannas4@redcross.org
6,Orys,953-609-6076,jorys5@wikia.com
7,Jeffes,814-438-5167,ljeffes6@craigslist.org
8,Giacaponi,407-696-5780,rgiacaponi7@marketwatch.com
9,Lindeberg,435-523-4302,nlindeberg8@hugedomains.com
10,Maxweell,915-869-6124,smaxweell9@wisc.edu
1,Cardillo,956-285-0936,ecardillo0@blogspot.com
2,Edworthy,345-746-5390,vedworthy1@businessinsider.com
3,Marchelli,953-795-6356,smarchelli2@lulu.com
4,Quidenham,921-750-8320,kquidenham3@clickbank.net
5,Robertacci,894-342-7484,srobertacci4@geocities.jp
6,Asker,125-532-0135,basker5@shinystat.com
7,Pasterfield,813-888-9319,jpasterfield6@myspace.com
8,MacDonnell,639-587-0414,jmacdonnell7@wikimedia.org
9,Bilovsky,953-148-2565,rbilovsky8@bloglovin.com
10,Meggison,435-861-9852,pmeggison9@ask.com
1,Goymer,764-419-3883,rgoymer0@vinaora.com
2,Eliff,747-551-0768,celiff1@shop-pro.jp
3,Harman,568-695-4188,iharman2@whitehouse.gov
4,Snalom,789-964-4871,msnalom3@buzzfeed.com
5,Codner,115-197-9303,rcodner4@umn.edu
6,Shotton,699-279-1526,ashotton5@nasa.gov
7,MacGillreich,303-302-8073,tmacgillreich6@dedecms.com
8,Bolesworth,471-918-3134,tbolesworth7@craigslist.org
9,Hamnet,775-111-3959,shamnet8@wikimedia.org
10,Haylett,869-848-6708,bhaylett9@europa.eu
1,Peete,438-110-7849,fpeete0@cargocollective.com
2,Garriock,655-690-3972,vgarriock1@addtoany.com
3,Thirkettle,915-453-6218,sthirkettle2@geocities.com
4,Yuryichev,671-601-0819,kyuryichev3@geocities.jp
5,Kelf,120-489-6629,ekelf4@amazonaws.com
6,Ivkovic,240-458-9647,aivkovic5@tinyurl.com
7,Hillock,506-442-7973,ahillock6@linkedin.com
8,Collip,458-437-5865,ccollip7@indiatimes.com
9,Keir,489-919-6855,gkeir8@dion.ne.jp
10,Chominski,186-804-1664,ichominski9@reuters.com
1,Casburn,951-739-3656,acasburn0@oaic.gov.au
2,Sleany,718-345-6548,ksleany1@who.int
3,Janz,601-877-6855,ajanz2@last.fm
4,Tonkinson,218-526-0763,btonkinson3@networksolutions.com
5,Pinsent,345-520-0500,fpinsent4@berkeley.edu
6,Pierrepoint,838-905-6455,apierrepoint5@blog.com
7,Devanny,746-916-3242,adevanny6@naver.com
8,MacKeller,880-190-1912,ymackeller7@google.pl
9,Thorley,707-718-1740,cthorley8@lycos.com
10,Ghio,528-663-1671,tghio9@delicious.com
1,Schoffler,304-997-6803,cschoffler0@businessinsider.com
2,Aberchirder,441-663-6780,naberchirder1@xing.com
3,Zuanelli,728-161-6754,gzuanelli2@tripod.com
4,Hampe,248-276-2555,rhampe3@amazon.de
5,Dorbon,704-300-5431,wdorbon4@twitpic.com
6,Gawne,435-562-4536,agawne5@drupal.org
7,Sausman,684-680-0621,ssausman6@furl.net
8,Brassington,900-665-8240,jbrassington7@sakura.ne.jp
9,Norewood,392-333-5824,cnorewood8@pbs.org
10,Wainwright,213-430-6000,hwainwright9@ucsd.edu
1,Colgan,315-507-4966,tcolgan0@histats.com
2,Rosbotham,965-701-3094,hrosbotham1@reuters.com
3,Gillhespy,655-151-3431,sgillhespy2@biglobe.ne.jp
4,Dewick,775-780-6507,adewick3@washington.edu
5,McCaighey,950-177-7799,amccaighey4@microsoft.com
6,Youthead,952-168-0200,fyouthead5@bloomberg.com
7,Strippel,254-733-5105,kstrippel6@usnews.com
8,Robb,496-866-5391,arobb7@yahoo.co.jp
9,Penniall,613-263-4213,jpenniall8@merriam-webster.com
10,Stedell,567-641-9415,mstedell9@vk.com
1,Witterick,441-875-6174,rwitterick0@sogou.com
2,D'Errico,977-583-3811,mderrico1@youtu.be
3,Maybury,443-112-6256,fmaybury2@hatena.ne.jp
4,Greenhough,972-829-0882,rgreenhough3@jimdo.com
5,Fenna,714-824-2627,cfenna4@addtoany.com
6,Deer,915-498-4335,tdeer5@state.tx.us
7,Tapper,885-451-0950,atapper6@scribd.com
8,Conklin,217-562-5477,gconklin7@nytimes.com
9,Tuiller,511-492-2268,jtuiller8@freewebs.com
10,O'Rodane,809-352-8122,morodane9@weibo.com
1,McPheat,986-395-8503,omcpheat0@narod.ru
2,Whitlock,915-549-5906,ewhitlock1@g.co
3,Joinson,701-875-0153,sjoinson2@springer.com
4,Schelle,381-469-4915,kschelle3@squarespace.com
5,Kippen,242-142-8762,gkippen4@elegantthemes.com
6,Rawstorne,494-260-3629,prawstorne5@arizona.edu
7,Wasbrough,778-569-1567,rwasbrough6@utexas.edu
8,Pearsey,651-420-0274,tpearsey7@goo.ne.jp
9,Elsegood,898-163-9253,celsegood8@domainmarket.com
10,Conduit,723-165-9932,kconduit9@multiply.com
1,Glencrash,115-660-7788,kglencrash0@mtv.com
2,Beushaw,479-899-4685,ibeushaw1@vimeo.com
3,Jodlkowski,295-374-2068,mjodlkowski2@wikimedia.org
4,Ruddom,704-448-1259,fruddom3@sciencedirect.com
5,Stannas,546-903-5039,bstannas4@redcross.org
6,Orys,953-609-6076,jorys5@wikia.com
7,Jeffes,814-438-5167,ljeffes6@craigslist.org
8,Giacaponi,407-696-5780,rgiacaponi7@marketwatch.com
9,Lindeberg,435-523-4302,nlindeberg8@hugedomains.com
10,Maxweell,915-869-6124,smaxweell9@wisc.edu
1,Cardillo,956-285-0936,ecardillo0@blogspot.com
2,Edworthy,345-746-5390,vedworthy1@businessinsider.com
3,Marchelli,953-795-6356,smarchelli2@lulu.com
4,Quidenham,921-750-8320,kquidenham3@clickbank.net
5,Robertacci,894-342-7484,srobertacci4@geocities.jp
6,Asker,125-532-0135,basker5@shinystat.com
7,Pasterfield,813-888-9319,jpasterfield6@myspace.com
8,MacDonnell,639-587-0414,jmacdonnell7@wikimedia.org
9,Bilovsky,953-148-2565,rbilovsky8@bloglovin.com
10,Meggison,435-861-9852,pmeggison9@ask.com
1,Goymer,764-419-3883,rgoymer0@vinaora.com
2,Eliff,747-551-0768,celiff1@shop-pro.jp
3,Harman,568-695-4188,iharman2@whitehouse.gov
4,Snalom,789-964-4871,msnalom3@buzzfeed.com
5,Codner,115-197-9303,rcodner4@umn.edu
6,Shotton,699-279-1526,ashotton5@nasa.gov
7,MacGillreich,303-302-8073,tmacgillreich6@dedecms.com
8,Bolesworth,471-918-3134,tbolesworth7@craigslist.org
9,Hamnet,775-111-3959,shamnet8@wikimedia.org
10,Haylett,869-848-6708,bhaylett9@europa.eu
1,Peete,438-110-7849,fpeete0@cargocollective.com
2,Garriock,655-690-3972,vgarriock1@addtoany.com
3,Thirkettle,915-453-6218,sthirkettle2@geocities.com
4,Yuryichev,671-601-0819,kyuryichev3@geocities.jp
5,Kelf,120-489-6629,ekelf4@amazonaws.com
6,Ivkovic,240-458-9647,aivkovic5@tinyurl.com
7,Hillock,506-442-7973,ahillock6@linkedin.com
8,Collip,458-437-5865,ccollip7@indiatimes.com
9,Keir,489-919-6855,gkeir8@dion.ne.jp
10,Chominski,186-804-1664,ichominski9@reuters.com
1,Casburn,951-739-3656,acasburn0@oaic.gov.au
2,Sleany,718-345-6548,ksleany1@who.int
3,Janz,601-877-6855,ajanz2@last.fm
4,Tonkinson,218-526-0763,btonkinson3@networksolutions.com
5,Pinsent,345-520-0500,fpinsent4@berkeley.edu
6,Pierrepoint,838-905-6455,apierrepoint5@blog.com
7,Devanny,746-916-3242,adevanny6@naver.com
8,MacKeller,880-190-1912,ymackeller7@google.pl
9,Thorley,707-718-1740,cthorley8@lycos.com
10,Ghio,528-663-1671,tghio9@delicious.com
1,Schoffler,304-997-6803,cschoffler0@businessinsider.com
2,Aberchirder,441-663-6780,naberchirder1@xing.com
3,Zuanelli,728-161-6754,gzuanelli2@tripod.com
4,Hampe,248-276-2555,rhampe3@amazon.de
5,Dorbon,704-300-5431,wdorbon4@twitpic.com
6,Gawne,435-562-4536,agawne5@drupal.org
7,Sausman,684-680-0621,ssausman6@furl.net
8,Brassington,900-665-8240,jbrassington7@sakura.ne.jp
9,Norewood,392-333-5824,cnorewood8@pbs.org
10,Wainwright,213-430-6000,hwainwright9@ucsd.edu
1,Colgan,315-507-4966,tcolgan0@histats.com
2,Rosbotham,965-701-3094,hrosbotham1@reuters.com
3,Gillhespy,655-151-3431,sgillhespy2@biglobe.ne.jp
4,Dewick,775-780-6507,adewick3@washington.edu
5,McCaighey,950-177-7799,amccaighey4@microsoft.com
6,Youthead,952-168-0200,fyouthead5@bloomberg.com
7,Strippel,254-733-5105,kstrippel6@usnews.com
8,Robb,496-866-5391,arobb7@yahoo.co.jp
9,Penniall,613-263-4213,jpenniall8@merriam-webster.com
10,Stedell,567-641-9415,mstedell9@vk.com
1,Witterick,441-875-6174,rwitterick0@sogou.com
2,D'Errico,977-583-3811,mderrico1@youtu.be
3,Maybury,443-112-6256,fmaybury2@hatena.ne.jp
4,Greenhough,972-829-0882,rgreenhough3@jimdo.com
5,Fenna,714-824-2627,cfenna4@addtoany.com
6,Deer,915-498-4335,tdeer5@state.tx.us
7,Tapper,885-451-0950,atapper6@scribd.com
8,Conklin,217-562-5477,gconklin7@nytimes.com
9,Tuiller,511-492-2268,jtuiller8@freewebs.com
10,O'Rodane,809-352-8122,morodane9@weibo.com
